{
    "name": "Greater Boon of Vitality 2",
    "description": "Upon slaying the ender dragon, Amaterasu grants you a permanent 15 % boost to max health and boosted regeneration.",
    "hidden": true,
    "condition": {
        "type": "origins:advancement",
        "advancement": "minecraft:end/kill_dragon"
    },
    "type": "origins:action_over_time",
    "interval": 20,
    "entity_action": {
        "type": "origins:apply_effect",
        "effect": {
            "effect": "minecraft:regeneration",
            "duration": 100,
            "amplifier": 0,
            "show_particles": false,
            "show_icon": true
        }
    }
}