{
    "name": "Greater Boon of Vitality",
    "description": "Upon slaying the ender dragon, Amaterasu grants you a permanent 15% boost to max health and boosted regeneration.",
    "condition": {
        "type": "origins:advancement",
        "advancement": "minecraft:end/kill_dragon"
    },
    "type": "origins:conditioned_attribute",
    "modifier": {
        "attribute": "generic.max_health",
        "operation": "multiply_total",
        "value": 0.15,
        "name": "Amaterasu Blessing"
    },
    "tick_rate": 20,
    "update_health": true
}