{
    "name": "Major Boon of Umbra",
    "description": "Upon slaying the ender dragon, Nyx empowers you further granting you an additional 20 percent dodge chance and increasing your current hp damage by 10 percent.",
    "hidden": true,
    "condition": {
        "type": "origins:advancement",
        "advancement": "minecraft:end/kill_dragon"
    },
    "type": "origins:conditioned_attribute",
    "modifier": {
        "attribute": "attributeslib:current_hp_damage",
        "operation": "addition",
        "value": 0.2,
        "name": "Major Boon of Lethality"
    },
    "tick_rate": 20,
    "update_health": true
}