{
    "name": "Major Boon of Excalibur",
    "description": "Upon slaying the ender dragon, Arthur exalts your weapon granting you fire damage , attack damage and attack speed.",
    "condition": {
        "type": "origins:advancement",
        "advancement": "minecraft:end/kill_dragon"
    },
    "type": "origins:conditioned_attribute",
    "modifier": {
        "attribute": "attributeslib:fire_damage",
        "operation": "addition",
        "value": 2,
        "name": "Major Boon of Excalibur"
    },
    "tick_rate": 20,
    "update_health": true
}