{
    "name": "Major Boon of Galaxy",
    "description": "Upon slaying the ender dragon, Astraeus grants you a larger portion of his might. You gain an additional 400 celestial damage and 60 percent crit damage.",
    "condition": {
        "type": "origins:advancement",
        "advancement": "minecraft:end/kill_dragon"
    },
    "type": "origins:conditioned_attribute",
    "modifier": {
        "attribute": "celestisynth:celestial_damage",
        "operation": "addition",
        "value": 400,
        "name": "Major Boon of Galaxy"
    },
    "tick_rate": 20,
    "update_health": true
}