{
    "name": "Greater Boon of Crone",
    "description": "Upon slaying the ender dragon ,Baba Yaga's brews become more potent, enemies afflicted by weakness or wither deal 45 percent less damage to you.",
    "condition": {
        "type": "origins:advancement",
        "advancement": "minecraft:end/kill_dragon"
    },
    "type": "origins:modify_damage_taken",
    "bientity_condition": {
        "type": "origins:attacker",
        "entity_condition": {
            "type": "origins:or",
            "conditions": [
                {
                    "type": "origins:status_effect",
                    "effect": "minecraft:wither"
                },
                {
                    "type": "origins:status_effect",
                    "effect": "minecraft:weakness"
                }
            ]
        }
    },
    "modifier": {
        "operation": "multiply_base_multiplicative",
        "value": -0.45
    }
}