{
    "name": "Greater Boon of Serpent",
    "description": "Upon slaying the ender dragon, Loki grants you the ability to blink to a thrown projectile (defauly key (x)). You also deal 75 percent increased damage to poisoned targets.",
    "condition": {
        "type": "origins:advancement",
        "advancement": "minecraft:end/kill_dragon"
    },
    "type": "origins:fire_projectile",
    "entity_type": "origins:enderian_pearl",
    "cooldown": 30,
    "hud_render": {
        "should_render": true,
        "sprite_location": "origins:textures/gui/resource_bar.png",
        "bar_index": 6
    },
    "count": 1,
    "interval": 0,
    "start_delay": 0,
    "speed": 1.5,
    "divergence": 1,
    "sound": "minecraft:entity.ender_pearl.throw",
    "key": {
        "key": "key.loadToolbarActivator",
        "continuous": false
    }
}