{
    "name": "Minor Boon of Trickery",
    "description": "Loki grants you a small portion of his dark magic. You gain increased reach, true invisibility while sneaking and your attacks also poison your foes.",
    "hidden": true,
    "type": "origins:target_action_on_hit",
    "entity_action": {
        "type": "origins:apply_effect",
        "effect": {
            "effect": "minecraft:poison",
            "duration": 180,
            "amplifier": 3,
            "show_particles": true,
            "show_icon": true
        }
    },
    "cooldown": 20,
    "hud_render": {
        "should_render": false,
        "bar_index": 5
    }
}