{
    "name": "Greater Boon of Serpent",
    "description": "Upon slaying the ender dragon, Loki grants you the ability to blink to a thrown projectile (defauly key (x)). You also deal 75 percent increased damage to poisoned targets.",
    "hidden": true,
    "condition": {
        "type": "origins:advancement",
        "advancement": "minecraft:end/kill_dragon"
    },
    "type": "origins:modify_damage_dealt",
    "target_condition": {
        "type": "origins:status_effect",
        "effect": "minecraft:poison"
    },
    "modifier": {
        "operation": "multiply_base_multiplicative",
        "value": 0.75
    }
}