{
    "name": "Minor Boon of Avalanche",
    "description": "While within skadi's domain she grants you strength. You deal 30 percent increased damage in cold biomes.",
    "condition": {
        "type": "origins:biome",
        "condition": {
            "type": "origins:precipitation",
            "precipitation": "snow"
        }
    },
    "type": "origins:modify_damage_dealt",
    "modifier": {
        "operation": "multiply_total_multiplicative",
        "value": 0.3,
        "name": "Skadi's Blessing"
    }
}