{
    "name": "Greater Boon of Tempests",
    "description": "Upon slaying the ender dragon, Susanoo grants you a permanent 20% boost to attack speed and immunity to slowness.",
    "condition": {
        "type": "origins:advancement",
        "advancement": "minecraft:end/kill_dragon"
    },
    "type": "origins:conditioned_attribute",
    "modifier": {
        "attribute": "generic.attack_speed",
        "operation": "multiply_total",
        "value": 0.2,
        "name": "Susanoo's Blessing"
    },
    "tick_rate": 20,
    "update_health": true
}